"Param","Effect","Nobs","Nsamp","Coef","CI_low","CI_upp","pval","Model","pval.adj"
"trackLength_win1","cell_typeET",41464,173,0.226221388758497,0.152977546709207,0.299465230807787,1.16682452244887e-08,"lmer",5.25071035101991e-06
"trackLength_win1","cell_typeET:timepoint",41464,173,0.191252130501935,0.143189811916489,0.239314449087382,1.94017392035543e-12,"lmer",8.88599655522787e-10
"trackLength_win5","cell_typeET",40773,171,0.377147069027221,0.230101494427038,0.524192643627405,1.52956943070669e-06,"lmer",0.000651596576396846
"trackLength_win5","cell_typeET:timepoint",40773,171,0.285713191513863,0.182794056104932,0.388632326922794,3.02888593533714e-07,"lmer",0.000132665196913952
"trackLength_win10","cell_typeET",39920,170,0.475183956607595,0.278189184829553,0.672178728385636,5.63714170654409e-06,"lmer",0.00231686524138962
"trackLength_win10","cell_typeET:timepoint",39920,170,0.328727073524012,0.189468843480356,0.467985303567668,9.60811643659884e-06,"lmer",0.00385285459510334
"trackLength_win15","cell_typeET",39070,170,0.52858113164594,0.305365443902725,0.751796819389155,7.93935152066882e-06,"lmer",0.00322337542661481
"trackLength_win15","cell_typeET:timepoint",39070,170,0.354912783309623,0.199300759506307,0.51052480711294,1.73496482873533e-05,"lmer",0.00676636283206779
"trackLength_win20","cell_typeET",38222,169,0.555470567639662,0.308705325409483,0.802235809869841,2.01661719839136e-05,"lmer",0.00782447472975848
"trackLength_win20","cell_typeET:timepoint",38222,169,0.376518476299356,0.206957733631593,0.546079218967119,2.73731565681781e-05,"lmer",0.0104839188913581
"trackLength_win25","cell_typeET",37381,167,0.572548877756345,0.301921364301351,0.843176391211338,5.79770972823789e-05,"lmer",0.0211174525683262
"trackLength_win25","cell_typeET:timepoint",37381,167,0.392596963061422,0.210126147861921,0.575067778260923,4.61842230642885e-05,"lmer",0.0173652660602104
"trackLength_win30","cell_typeET",36549,166,0.586825167384071,0.296334945308685,0.877315389459457,0.000118897661811455,"lmer",0.0408935004353058
"trackLength_win30","cell_typeET:timepoint",36549,166,0.411691500577093,0.220015837354857,0.603367163799328,4.70060784206843e-05,"lmer",0.0175802733293359
"trackLength_win35","cell_typeET",35726,164,0.601935667477632,0.291843931052321,0.912027403902943,0.000211940329278887,"lmer",0.0703641893205905
"trackLength_win35","cell_typeET:timepoint",35726,164,0.415075697983976,0.212499736187996,0.617651659779956,9.86389214651397e-05,"lmer",0.0347209002832424
"trackLength_win40","cell_typeET",34910,163,0.612209972881997,0.293475053905146,0.930944891858849,0.000245099722508291,"lmer",0.0799025095377029
"trackLength_win40","cell_typeET:timepoint",34910,163,0.423394000707501,0.215984567493368,0.630803433921635,0.000104077049655473,"lmer",0.036322890066582
"trackLength_win45","cell_typeET",34097,162,0.628933552287387,0.306145020957947,0.951722083616827,0.000201629108329305,"lmer",0.0677473694210608
"trackLength_win45","cell_typeET:timepoint",34097,162,0.433323781001935,0.224169917135328,0.642477644868542,8.29057356591252e-05,"lmer",0.0295144418946486
"trackLength_win50","cell_typeET",33300,158,0.645783706354791,0.321545128753767,0.970022283955816,0.000148421928844812,"lmer",0.0504634558072361
"trackLength_win50","cell_typeET:timepoint",33300,158,0.448407442976341,0.23927474581532,0.657540140137363,4.80788487227311e-05,"lmer",0.0178853303799086
"trackLength_win60","cell_typeET",31735,155,0.612951683555769,0.291352014204685,0.934551352906854,0.000274565870880772,"lmer",0.0889593421653701
"trackLength_win60","cell_typeET:timepoint",31735,155,0.470166515554992,0.268092842232875,0.672240188877109,1.11515917399511e-05,"lmer",0.00442718192076059
"trackLength_win70","cell_typeET",30192,153,0.610221728255738,0.28935948572645,0.931083970785026,0.000284000706942314,"lmer",0.0911641422707965
"trackLength_win70","cell_typeET:timepoint",30192,153,0.502893825583394,0.303055106342417,0.70273254482437,2.32174909295326e-06,"lmer",0.000972812869947416
"trackLength_win80","cell_typeET",28665,152,0.628139752817782,0.317807989869738,0.938471515765825,0.000118545133765541,"lmer",0.0408935004353058
"trackLength_win80","cell_typeET:timepoint",28665,152,0.532056717234202,0.338374755435877,0.725738679032526,3.21697628689584e-07,"lmer",0.000140260166108659
"trackLength_win90","cell_typeET",27187,144,0.634633427759835,0.333495821839143,0.935771033680526,6.57923969670033e-05,"lmer",0.0238168340844563
"trackLength_win90","cell_typeET:timepoint",27187,144,0.558445478020595,0.365047838585285,0.751843117455904,1.04306478712159e-07,"lmer",4.61034511152191e-05
"trackLength_win100","cell_typeET",25747,141,0.625136192551658,0.333793464662129,0.916478920441186,5.00709927328472e-05,"lmer",0.0185262629297587
"trackLength_win100","cell_typeET:timepoint",25747,141,0.597997201340664,0.410123154940785,0.785871247740542,7.57536630774494e-09,"lmer",3.42405934957544e-06
"maxDisplacement_win1","cell_typeET",41464,173,0.226221388758497,0.152977546709207,0.299465230807787,1.16682452244887e-08,"lmer",5.25071035101991e-06
"maxDisplacement_win1","cell_typeET:timepoint",41464,173,0.191252130501935,0.143189811916489,0.239314449087382,1.94017392035543e-12,"lmer",8.88599655522787e-10
"maxDisplacement_win5","cell_typeET",40773,171,0.34737940913245,0.228191825420396,0.466566992844503,7.74461940862788e-08,"lmer",3.43861101743078e-05
"maxDisplacement_win5","cell_typeET:timepoint",40773,171,0.21222631339452,0.123460103870009,0.300992522919031,7.86787886358788e-06,"lmer",0.00320222669748027
"maxDisplacement_win10","cell_typeET",39920,170,0.405764955987979,0.249822506007342,0.561707405968616,1.37932351759121e-06,"lmer",0.000590350465529038
"maxDisplacement_win10","cell_typeET:timepoint",39920,170,0.207175744642059,0.0880571838067138,0.326294305477404,0.000926946226883841,"lmer",0.278083868065152
"maxDisplacement_win15","cell_typeET",39070,170,0.418081145372368,0.237765358861542,0.598396931883194,1.38784570021733e-05,"lmer",0.00545423360185411
"maxDisplacement_win15","cell_typeET:timepoint",39070,170,0.208296786024924,0.0690823133430092,0.347511258706839,0.00412161319653781,"lmer",1
"maxDisplacement_win20","cell_typeET",38222,169,0.434021004510299,0.225930145811073,0.642111863209525,8.1483436385992e-05,"lmer",0.0290895867897991
"maxDisplacement_win20","cell_typeET:timepoint",38222,169,0.191809933648251,0.0320460413637966,0.351573825932706,0.0204382177262256,"lmer",1
"maxDisplacement_win25","cell_typeET",37381,167,0.460299760767474,0.215641698875018,0.70495782265993,0.000353148394601426,"lmer",0.110535447510246
"maxDisplacement_win25","cell_typeET:timepoint",37381,167,0.168788178247681,-0.0162316419405081,0.35380799843587,0.0766096168904297,"lmer",1
"maxDisplacement_win30","cell_typeET",36549,166,0.464933639003911,0.191567723651646,0.738299554356177,0.00117969530765933,"lmer",0.349189811067162
"maxDisplacement_win30","cell_typeET:timepoint",36549,166,0.177456427386271,-0.0267700217607542,0.381682876533297,0.0914867864082909,"lmer",1
"maxDisplacement_win35","cell_typeET",35726,164,0.447398404089852,0.155003904273341,0.739792903906362,0.00337338031019928,"lmer",0.931052965615001
"maxDisplacement_win35","cell_typeET:timepoint",35726,164,0.201453764809226,-0.0169184184577148,0.419825948076166,0.0733337931752345,"lmer",1
"maxDisplacement_win40","cell_typeET",34910,163,0.409042546970147,0.116660628592043,0.701424465348251,0.00710119754902781,"lmer",1
"maxDisplacement_win40","cell_typeET:timepoint",34910,163,0.242343907059303,0.0201580923369838,0.464529721781622,0.0345969659996314,"lmer",1
"maxDisplacement_win45","cell_typeET",34097,162,0.368018217001962,0.0810118905644903,0.655024543439434,0.0133076015755367,"lmer",1
"maxDisplacement_win45","cell_typeET:timepoint",34097,162,0.267507267003512,0.0431418470471371,0.491872686959887,0.0210450490136428,"lmer",1
"maxDisplacement_win50","cell_typeET",33300,158,0.351405173475973,0.069570012072882,0.633240334879065,0.0159674973403471,"lmer",1
"maxDisplacement_win50","cell_typeET:timepoint",33300,158,0.302192731618954,0.0723048325216141,0.532080630716294,0.0111273893332023,"lmer",1
"maxDisplacement_win60","cell_typeET",31735,155,0.262811822981165,-0.0181193984751571,0.543743044437487,0.0690407700212589,"lmer",1
"maxDisplacement_win60","cell_typeET:timepoint",31735,155,0.341973534042973,0.106533596317695,0.57741347176825,0.00511164273880533,"lmer",1
"maxDisplacement_win70","cell_typeET",30192,153,0.181195178805488,-0.10127345004798,0.463663807658956,0.210854062143011,"lmer",1
"maxDisplacement_win70","cell_typeET:timepoint",30192,153,0.393807023346228,0.160035498325215,0.62757854836724,0.00122582745092339,"lmer",0.3616190980224
"maxDisplacement_win80","cell_typeET",28665,152,0.12356205430491,-0.163073190642005,0.410197299251826,0.399723444063091,"lmer",1
"maxDisplacement_win80","cell_typeET:timepoint",28665,152,0.42124283417046,0.190853333480157,0.651632334860763,0.000472647573018069,"lmer",0.144630157343529
"maxDisplacement_win90","cell_typeET",27187,144,0.050320164896543,-0.222461784069058,0.323102113862144,0.718318601822843,"lmer",1
"maxDisplacement_win90","cell_typeET:timepoint",27187,144,0.452558035597082,0.233191708402316,0.671924362791847,9.23409251758002e-05,"lmer",0.0325963465870575
"maxDisplacement_win100","cell_typeET",25747,141,0.00136396737135016,-0.252644826626278,0.255372761368978,0.991620517331108,"lmer",1
"maxDisplacement_win100","cell_typeET:timepoint",25747,141,0.503299932631601,0.3034086309875,0.703191234275702,2.58575803420678e-06,"lmer",0.00107567534223002
"speed_win1","cell_typeET",41464,173,0.226221388758497,0.152977546709207,0.299465230807787,1.16682452244887e-08,"lmer",5.25071035101991e-06
"speed_win1","cell_typeET:timepoint",41464,173,0.191252130501935,0.143189811916489,0.239314449087382,1.94017392035543e-12,"lmer",8.88599655522787e-10
"speed_win5","cell_typeET",40773,171,0.377147068996133,0.230101494407962,0.524192643584305,1.52956942816161e-06,"lmer",0.000651596576396846
"speed_win5","cell_typeET:timepoint",40773,171,0.285713191546159,0.182794056226123,0.388632326866194,3.02888577429115e-07,"lmer",0.000132665196913952
"speed_win10","cell_typeET",39920,170,0.475183956623244,0.278189183260143,0.672178729986345,5.63714273196923e-06,"lmer",0.00231686524138962
"speed_win10","cell_typeET:timepoint",39920,170,0.328727073596828,0.18946884359907,0.467985303594586,9.60811619726519e-06,"lmer",0.00385285459510334
"speed_win15","cell_typeET",39070,170,0.528581131597312,0.305365445732056,0.751796817462568,7.93934834141579e-06,"lmer",0.00322337542661481
"speed_win15","cell_typeET:timepoint",39070,170,0.354912783254555,0.199300759372819,0.51052480713629,1.73496490330236e-05,"lmer",0.00676636283206779
"speed_win20","cell_typeET",38222,169,0.555470567623767,0.308705325462701,0.802235809784833,2.01661760281822e-05,"lmer",0.00782447472975848
"speed_win20","cell_typeET:timepoint",38222,169,0.376518476306497,0.206957733674256,0.546079218938738,2.73731563743032e-05,"lmer",0.0104839188913581
"speed_win25","cell_typeET",37381,167,0.57254887731835,0.301921365875067,0.843176388761634,5.79770977261447e-05,"lmer",0.0211174525683262
"speed_win25","cell_typeET:timepoint",37381,167,0.392596963263373,0.210126149159126,0.57506777736762,4.61842182452405e-05,"lmer",0.0173652660602104
"speed_win30","cell_typeET",36549,166,0.586825167574471,0.296334944440692,0.877315390708249,0.000118897675822112,"lmer",0.0408935004353058
"speed_win30","cell_typeET:timepoint",36549,166,0.411691500483955,0.220015836787874,0.603367164180036,4.70060800090273e-05,"lmer",0.0175802733293359
"speed_win35","cell_typeET",35726,164,0.601935667577323,0.291843923256034,0.912027411898612,0.000211940445558555,"lmer",0.0703641893205905
"speed_win35","cell_typeET:timepoint",35726,164,0.415075698153906,0.21249973635972,0.617651659948092,9.86389212592114e-05,"lmer",0.0347209002832424
"speed_win40","cell_typeET",34910,163,0.612209972850483,0.293475053600857,0.930944892100109,0.000245099724320986,"lmer",0.0799025095377029
"speed_win40","cell_typeET:timepoint",34910,163,0.423394000735167,0.215984567591722,0.630803433878611,0.000104077048901381,"lmer",0.036322890066582
"speed_win45","cell_typeET",34097,162,0.628933553262183,0.30614501655845,0.951722089965916,0.000201629075657919,"lmer",0.0677473694210608
"speed_win45","cell_typeET:timepoint",34097,162,0.433323780542083,0.224169914483765,0.642477646600401,8.29057531002047e-05,"lmer",0.0295144418946486
"speed_win50","cell_typeET",33300,158,0.645783705865268,0.32154513123116,0.970022280499377,0.000148421930660678,"lmer",0.0504634558072361
"speed_win50","cell_typeET:timepoint",33300,158,0.448407443216136,0.239274747089091,0.657540139343181,4.80788451072812e-05,"lmer",0.0178853303799086
"speed_win60","cell_typeET",31735,155,0.612951683995838,0.291352010723595,0.934551357268081,0.000274565990903606,"lmer",0.0889593421653701
"speed_win60","cell_typeET:timepoint",31735,155,0.470166515176613,0.268092840590523,0.672240189762703,1.11515926440754e-05,"lmer",0.00442718192076059
"speed_win70","cell_typeET",30192,153,0.610221729752904,0.289359500405817,0.93108395909999,0.000284000443211204,"lmer",0.0911641422707965
"speed_win70","cell_typeET:timepoint",30192,153,0.502893824590556,0.303055102151446,0.702732547029667,2.32175020000644e-06,"lmer",0.000972812869947416
"speed_win80","cell_typeET",28665,152,0.628139955425389,0.317810253726526,0.938469657124253,0.000118531885319727,"lmer",0.0408935004353058
"speed_win80","cell_typeET:timepoint",28665,152,0.53205663369939,0.338374231592725,0.725739035806055,3.21720047708649e-07,"lmer",0.000140260166108659
"speed_win90","cell_typeET",27187,144,0.634633427664597,0.333495822138881,0.935771033190313,6.57923593493268e-05,"lmer",0.0238168340844563
"speed_win90","cell_typeET:timepoint",27187,144,0.558445478305571,0.365047839647661,0.751843116963482,1.04306450486921e-07,"lmer",4.61034511152191e-05
"speed_win100","cell_typeET",25747,141,0.625136192737022,0.333793473248198,0.916478912225847,5.00709808912398e-05,"lmer",0.0185262629297587
"speed_win100","cell_typeET:timepoint",25747,141,0.597997205059032,0.410123167328699,0.785871242789364,7.5753525433085e-09,"lmer",3.42405934957544e-06
"displacement_win1","cell_typeET",41464,173,0.226221388758497,0.152977546709207,0.299465230807787,1.16682452244887e-08,"lmer",5.25071035101991e-06
"displacement_win1","cell_typeET:timepoint",41464,173,0.191252130501935,0.143189811916489,0.239314449087382,1.94017392035543e-12,"lmer",8.88599655522787e-10
"displacement_win5","cell_typeET",40773,171,0.334447704997511,0.220780665502583,0.448114744492438,6.01916913138221e-08,"lmer",2.67853026346508e-05
"displacement_win5","cell_typeET:timepoint",40773,171,0.205271955216183,0.120143861746217,0.290400048686149,6.71815380919346e-06,"lmer",0.00274772490796013
"displacement_win10","cell_typeET",39920,170,0.377204320011772,0.229958143001453,0.524450497022091,1.93454221251267e-06,"lmer",0.000814442271467834
"displacement_win10","cell_typeET:timepoint",39920,170,0.208855905898088,0.0953795055976125,0.322332306198563,0.000478122360945447,"lmer",0.145827320088361
"displacement_win15","cell_typeET",39070,170,0.389144813603354,0.216387752375268,0.561901874831441,2.32076231179928e-05,"lmer",0.00895814252354522
"displacement_win15","cell_typeET:timepoint",39070,170,0.209380669411711,0.074673171270975,0.344088167552448,0.002921835506711,"lmer",0.815192106372369
"displacement_win20","cell_typeET",38222,169,0.420565203604714,0.214466746874851,0.626663660334578,0.00011346630349396,"lmer",0.0392593410089102
"displacement_win20","cell_typeET:timepoint",38222,169,0.183053365561537,0.0247676910422609,0.341339040080813,0.0254125471954817,"lmer",1
"displacement_win25","cell_typeET",37381,167,0.448769098681399,0.206142145075312,0.691396052287486,0.000438391500434317,"lmer",0.135462973634204
"displacement_win25","cell_typeET:timepoint",37381,167,0.156154481044515,-0.0272710612673527,0.339580023356383,0.0981136979963409,"lmer",1
"displacement_win30","cell_typeET",36549,166,0.448480164216594,0.179146638114816,0.717813690318372,0.00147659084786944,"lmer",0.428211345882138
"displacement_win30","cell_typeET:timepoint",36549,166,0.170488630739086,-0.0311737194760055,0.372150980954177,0.100445942217858,"lmer",1
"displacement_win35","cell_typeET",35726,164,0.432020789495851,0.143675419496657,0.720366159495046,0.00406574122163005,"lmer",1
"displacement_win35","cell_typeET:timepoint",35726,164,0.197397302228991,-0.0185149696580468,0.41330957411603,0.0758826695964559,"lmer",1
"displacement_win40","cell_typeET",34910,163,0.395938284394251,0.106973214122826,0.684903354665677,0.00833507293786995,"lmer",1
"displacement_win40","cell_typeET:timepoint",34910,163,0.241753704446766,0.0212578402205257,0.462249568673007,0.0336687743372629,"lmer",1
"displacement_win45","cell_typeET",34097,162,0.356256410605774,0.0746155930911732,0.637897228120375,0.0145818173320781,"lmer",1
"displacement_win45","cell_typeET:timepoint",34097,162,0.272416718002553,0.0501143152426702,0.494719120762436,0.0177808365207698,"lmer",1
"displacement_win50","cell_typeET",33300,158,0.339922194095873,0.0660477117544938,0.613796676437253,0.0164471810775718,"lmer",1
"displacement_win50","cell_typeET:timepoint",33300,158,0.307175006913235,0.0806148670029426,0.533735146823527,0.00887590357754389,"lmer",1
"displacement_win60","cell_typeET",31735,155,0.254391938119706,-0.0175745432665847,0.526358419505997,0.0690720252066144,"lmer",1
"displacement_win60","cell_typeET:timepoint",31735,155,0.345271766971878,0.113666416117655,0.576877117826101,0.00407569729061672,"lmer",1
"displacement_win70","cell_typeET",30192,153,0.173854430603331,-0.101213254210808,0.44892211541747,0.217603472983998,"lmer",1
"displacement_win70","cell_typeET:timepoint",30192,153,0.395827744194203,0.165455579596599,0.626199908791807,0.000982067869101826,"lmer",0.293638292861446
"displacement_win80","cell_typeET",28665,152,0.111878562301209,-0.169949068954226,0.393706193556644,0.437967334459839,"lmer",1
"displacement_win80","cell_typeET:timepoint",28665,152,0.425616703631106,0.196981031816124,0.654252375446088,0.0003760046053661,"lmer",0.116729021882004
"displacement_win90","cell_typeET",27187,144,0.0331183896851999,-0.236835377073769,0.303072156444169,0.810391725633294,"lmer",1
"displacement_win90","cell_typeET:timepoint",27187,144,0.459829497294468,0.240783999736931,0.678874994852005,7.04202515248047e-05,"lmer",0.0253512905489297
"displacement_win100","cell_typeET",25747,141,-0.0157917501252941,-0.2712671534793,0.239683653228712,0.903776919754282,"lmer",1
"displacement_win100","cell_typeET:timepoint",25747,141,0.520730121923176,0.3173596601897,0.724100583656652,1.79345634735151e-06,"lmer",0.000756838578582337
"squareDisplacement_win1","cell_typeET",41464,173,0.205104208407034,0.141152527717629,0.26905588909644,3.52347470280997e-09,"lmer",1.59965751507573e-06
"squareDisplacement_win1","cell_typeET:timepoint",41464,173,0.166244207255889,0.124711192734961,0.207777221776816,1.13123832931408e-12,"lmer",5.20369631484477e-10
"squareDisplacement_win5","cell_typeET",40773,171,0.328565803313888,0.217483074734592,0.439648531893184,4.71095479725757e-08,"lmer",2.10108583957688e-05
"squareDisplacement_win5","cell_typeET:timepoint",40773,171,0.194293153371655,0.118861221682803,0.269725085060506,1.60859263027482e-06,"lmer",0.000680434682606249
"squareDisplacement_win10","cell_typeET",39920,170,0.387187274022417,0.237854462184434,0.5365200858604,1.43812136121167e-06,"lmer",0.000614077821237383
"squareDisplacement_win10","cell_typeET:timepoint",39920,170,0.200231094630286,0.0944280734895547,0.306034115771017,0.000333742770273701,"lmer",0.105128972636216
"squareDisplacement_win15","cell_typeET",39070,170,0.420101246419847,0.251293226036227,0.588909266803467,3.41617597101343e-06,"lmer",0.00141771302797057
"squareDisplacement_win15","cell_typeET:timepoint",39070,170,0.199101503879599,0.0731627027840195,0.325040304975179,0.00247613651159698,"lmer",0.693318223247154
"squareDisplacement_win20","cell_typeET",38222,169,0.467649646430054,0.268220257408494,0.667079035451614,1.10165822097588e-05,"lmer",0.004384599719484
"squareDisplacement_win20","cell_typeET:timepoint",38222,169,0.17204323527124,0.0225404003918219,0.321546070150658,0.02610017763089,"lmer",1
"squareDisplacement_win25","cell_typeET",37381,167,0.515941768216488,0.274292292747718,0.757591243685258,5.78560344337703e-05,"lmer",0.0211174525683262
"squareDisplacement_win25","cell_typeET:timepoint",37381,167,0.129785202007208,-0.0484061442977283,0.307976548312144,0.156398265412323,"lmer",1
"squareDisplacement_win30","cell_typeET",36549,166,0.527094687099346,0.255951339747978,0.798238034450715,0.000235850059875769,"lmer",0.0771229695793765
"squareDisplacement_win30","cell_typeET:timepoint",36549,166,0.130138009778326,-0.06883959779399,0.329115617350642,0.202776237121844,"lmer",1
"squareDisplacement_win35","cell_typeET",35726,164,0.520068729977091,0.229718340565787,0.810419119388394,0.000671118849916212,"lmer",0.203349011524612
"squareDisplacement_win35","cell_typeET:timepoint",35726,164,0.149153960424981,-0.0661192026811127,0.364427123531075,0.1773765282732,"lmer",1
"squareDisplacement_win40","cell_typeET",34910,163,0.47997623628492,0.194420375437983,0.765532097131858,0.00133703630926704,"lmer",0.391751638615243
"squareDisplacement_win40","cell_typeET:timepoint",34910,163,0.19281892668386,-0.025489448257221,0.411127301624941,0.0860858941643087,"lmer",1
"squareDisplacement_win45","cell_typeET",34097,162,0.438172629876874,0.164107659718908,0.71223760003484,0.00219352467657822,"lmer",0.622961008148215
"squareDisplacement_win45","cell_typeET:timepoint",34097,162,0.226077797700303,0.00554997181402642,0.44660562358658,0.0466564039304155,"lmer",1
"squareDisplacement_win50","cell_typeET",33300,158,0.422423465979019,0.156255878566578,0.68859105339146,0.00233402175982854,"lmer",0.660528158031477
"squareDisplacement_win50","cell_typeET:timepoint",33300,158,0.26938961768909,0.0393316489864453,0.499447586391735,0.0233563043093066,"lmer",1
"squareDisplacement_win60","cell_typeET",31735,155,0.342834554881213,0.0737058465583836,0.611963263204043,0.0138188622451918,"lmer",1
"squareDisplacement_win60","cell_typeET:timepoint",31735,155,0.321320613632234,0.0804809020255229,0.562160325238946,0.00995618152387296,"lmer",1
"squareDisplacement_win70","cell_typeET",30192,153,0.271203606269151,-0.000134392488596924,0.542541605026899,0.0522354767483582,"lmer",1
"squareDisplacement_win70","cell_typeET:timepoint",30192,153,0.378248882698652,0.141437971363218,0.615059794034087,0.00214242323642791,"lmer",0.610590622381954
"squareDisplacement_win80","cell_typeET",28665,152,0.215423607802125,-0.0569629384336937,0.487810154037944,0.123617628057625,"lmer",1
"squareDisplacement_win80","cell_typeET:timepoint",28665,152,0.417945286890706,0.190729110715154,0.645161463066258,0.000441781336664621,"lmer",0.136068651692703
"squareDisplacement_win90","cell_typeET",27187,144,0.14129636614345,-0.113615353017457,0.396208085304356,0.27952277993971,"lmer",1
"squareDisplacement_win90","cell_typeET:timepoint",27187,144,0.460337425950815,0.249508179587893,0.671166672313737,3.7809988546662e-05,"lmer",0.0143677956477316
"squareDisplacement_win100","cell_typeET",25747,141,0.0948096883847974,-0.142491613668868,0.332110990438463,0.435160898654839,"lmer",1
"squareDisplacement_win100","cell_typeET:timepoint",25747,141,0.523695415345908,0.332482505050942,0.714908325640874,3.90161426211477e-07,"lmer",0.000169330058975781
"displacementRatio_win1","cell_type",173,173,NA,NA,NA,NA,"lm-ERROR",NA
"displacementRatio_win5","cell_typeET",40773,171,-0.00486478910783535,-0.0418414765231554,0.0321118983074847,0.796858112194643,"lmer",1
"displacementRatio_win5","cell_typeET:timepoint",40773,171,-0.0148433097186807,-0.0504363146289483,0.0207496951915868,0.415145990764893,"lmer",1
"displacementRatio_win10","cell_typeET",39920,170,-0.0419009733876315,-0.0999971500653002,0.0161952032900373,0.159550591263793,"lmer",1
"displacementRatio_win10","cell_typeET:timepoint",39920,170,0.0279592917629147,-0.0391510597654789,0.0950696432913084,0.415738811339715,"lmer",1
"displacementRatio_win15","cell_typeET",39070,170,-0.0770610757762782,-0.144115833245934,-0.0100063183066228,0.025658905437795,"lmer",1
"displacementRatio_win15","cell_typeET:timepoint",39070,170,0.0345879036993109,-0.0394906913894414,0.108666498788063,0.361579991745469,"lmer",1
"displacementRatio_win20","cell_typeET",38222,169,-0.0563715197673757,-0.131419663776468,0.0186766242417168,0.143119693744802,"lmer",1
"displacementRatio_win20","cell_typeET:timepoint",38222,169,0.00324222747076782,-0.078003979302851,0.0844884342443866,0.937758820136311,"lmer",1
"displacementRatio_win25","cell_typeET",37381,167,-0.0553825543162875,-0.132027300104417,0.0212621914718421,0.15881734057775,"lmer",1
"displacementRatio_win25","cell_typeET:timepoint",37381,167,0.00186153742541109,-0.0977143989755028,0.101437473826325,0.970818597533985,"lmer",1
"displacementRatio_win30","cell_typeET",36549,166,-0.0907725114568258,-0.177746774067775,-0.00379824884587653,0.0428534798740348,"lmer",1
"displacementRatio_win30","cell_typeET:timepoint",36549,166,0.0280352092139053,-0.0873404142450746,0.143410832672885,0.63456394115362,"lmer",1
"displacementRatio_win35","cell_typeET",35726,164,-0.0946331150079545,-0.184206861064463,-0.00505936895144637,0.0405020564475452,"lmer",1
"displacementRatio_win35","cell_typeET:timepoint",35726,164,0.0366153890410836,-0.094589359360521,0.167820137442688,0.585190974024103,"lmer",1
"displacementRatio_win40","cell_type",34910,163,NA,NA,NA,NA,"lmer-WARN",NA
"displacementRatio_win45","cell_typeET",34097,162,-0.06502431668148,-0.173215401320645,0.0431667679576845,0.2416529159938,"lmer",1
"displacementRatio_win45","cell_typeET:timepoint",34097,162,0.122013322597984,-0.0883500968587212,0.332376742054689,0.257489820830059,"lmer",1
"displacementRatio_win50","cell_typeET",33300,158,-0.0277950088992179,-0.207926102887704,0.152336085089268,0.762875906761283,"lmer",1
"displacementRatio_win50","cell_typeET:timepoint",33300,158,0.152595036288892,-0.137490478780837,0.44268055135862,0.304233272936578,"lmer",1
"displacementRatio_win60","cell_typeET",31735,155,-0.00798703320683675,-0.331277182849749,0.315303116436076,0.961453567065102,"lmer",1
"displacementRatio_win60","cell_typeET:timepoint",31735,155,0.188566572653741,-0.234156460015661,0.611289605323142,0.383337041460772,"lmer",1
"displacementRatio_win70","cell_typeET",30192,153,-0.0370886039275834,-0.391228968967948,0.317051761112781,0.837715847874541,"lmer",1
"displacementRatio_win70","cell_typeET:timepoint",30192,153,0.215038917473781,-0.220598707553019,0.650676542500581,0.334944600101955,"lmer",1
"displacementRatio_win80","cell_typeET",28665,152,-0.105552648807811,-0.354912983400035,0.143807685784412,0.409093315888881,"lmer",1
"displacementRatio_win80","cell_typeET:timepoint",28665,152,0.250985826403001,-0.081953646265632,0.583925299071634,0.141986771921583,"lmer",1
"displacementRatio_win90","cell_typeET",27187,144,-0.181012811971434,-0.439061552380093,0.0770359284372239,0.173527151680189,"lmer",1
"displacementRatio_win90","cell_typeET:timepoint",27187,144,0.291786301904785,-0.0718827233111086,0.655455327120678,0.118509673423591,"lmer",1
"displacementRatio_win100","cell_typeET",25747,141,-0.206199175940764,-0.587583089995364,0.175184738113835,0.292061220048566,"lmer",1
"displacementRatio_win100","cell_typeET:timepoint",25747,141,0.462745736058863,0.00338162888149146,0.922109843236234,0.0506154210023222,"lmer",1
"outreachRatio_win1","cell_type",173,173,NA,NA,NA,NA,"lm-ERROR",NA
"outreachRatio_win5","cell_type",40773,171,NA,NA,NA,NA,"lmer-WARN",NA
"outreachRatio_win10","cell_typeET",39920,170,0.0521490961136729,-0.0473363068162118,0.151634499043558,0.306091817638867,"lmer",1
"outreachRatio_win10","cell_typeET:timepoint",39920,170,-0.0539433030926538,-0.144221654841228,0.0363350486559201,0.243859771551438,"lmer",1
"outreachRatio_win15","cell_typeET",39070,170,0.00838907836977332,-0.12464442184044,0.141422578579986,0.901847995103628,"lmer",1
"outreachRatio_win15","cell_typeET:timepoint",39070,170,-0.071277257484787,-0.190982512699819,0.0484279977302453,0.245595814257837,"lmer",1
"outreachRatio_win20","cell_typeET",38222,169,-0.00464032127987566,-0.174178499917639,0.164897857357888,0.957316838926794,"lmer",1
"outreachRatio_win20","cell_typeET:timepoint",38222,169,-0.115245744504281,-0.264634492019876,0.0341430030113143,0.133277184371692,"lmer",1
"outreachRatio_win25","cell_typeET",37381,167,-0.00677161447645349,-0.208012454777561,0.194469225824654,0.947539021569642,"lmer",1
"outreachRatio_win25","cell_typeET:timepoint",37381,167,-0.149649095779446,-0.324746227503896,0.0254480359450041,0.0965723832181764,"lmer",1
"outreachRatio_win30","cell_typeET",36549,166,-0.0352524560842138,-0.255292739648541,0.184787827480114,0.754125364534085,"lmer",1
"outreachRatio_win30","cell_typeET:timepoint",36549,166,-0.137056495882049,-0.328517129975031,0.0544041382109333,0.163179173278842,"lmer",1
"outreachRatio_win35","cell_typeET",35726,164,-0.0853020859128194,-0.318627742127123,0.148023570301484,0.475176501200505,"lmer",1
"outreachRatio_win35","cell_typeET:timepoint",35726,164,-0.0978022031886641,-0.301358715849338,0.10575430947201,0.3481740117826,"lmer",1
"outreachRatio_win40","cell_typeET",34910,163,-0.143136579537775,-0.382994576434527,0.0967214173589756,0.244552547252724,"lmer",1
"outreachRatio_win40","cell_typeET:timepoint",34910,163,-0.0542443278743939,-0.266699412124579,0.158210756375791,0.617625852582918,"lmer",1
"outreachRatio_win45","cell_typeET",34097,162,-0.206497799969458,-0.449994387864158,0.0369987879252422,0.0990924819441527,"lmer",1
"outreachRatio_win45","cell_typeET:timepoint",34097,162,-0.0375475873113427,-0.25656674964453,0.181471575021845,0.737393872332883,"lmer",1
"outreachRatio_win50","cell_typeET",33300,158,-0.244832809258365,-0.489251835684584,-0.000413782832144716,0.0519072555638965,"lmer",1
"outreachRatio_win50","cell_typeET:timepoint",33300,158,-0.0160646221900568,-0.240299274910776,0.208170030530663,0.888542759537284,"lmer",1
"outreachRatio_win60","cell_typeET",31735,155,-0.328343521214813,-0.581077198060055,-0.0756098443695715,0.012097623140599,"lmer",1
"outreachRatio_win60","cell_typeET:timepoint",31735,155,0.0053179328223317,-0.22714432464403,0.237780190288694,0.964300371623484,"lmer",1
"outreachRatio_win70","cell_typeET",30192,153,-0.424200376561028,-0.685688536858491,-0.162712216263566,0.00184554552512331,"lmer",0.52967156571039
"outreachRatio_win70","cell_typeET:timepoint",30192,153,0.0343106447010558,-0.20051275693543,0.269134046337541,0.774998716440192,"lmer",1
"outreachRatio_win80","cell_typeET",28665,152,-0.520183117588647,-0.78948079855106,-0.250885436626233,0.000232146891947901,"lmer",0.0761441805589115
"outreachRatio_win80","cell_typeET:timepoint",28665,152,0.0483233365188164,-0.189931655905108,0.286578328942741,0.691567475748402,"lmer",1
"outreachRatio_win90","cell_typeET",27187,144,-0.612854716356938,-0.887595344188289,-0.338114088525587,2.51175484119974e-05,"lmer",0.009645138590207
"outreachRatio_win90","cell_typeET:timepoint",27187,144,0.0591927786646171,-0.182428258857137,0.300813816186371,0.631895388504341,"lmer",1
"outreachRatio_win100","cell_typeET",25747,141,-0.663806922725192,-0.944556826307844,-0.38305701914254,8.75212628448275e-06,"lmer",0.00352467069799132
"outreachRatio_win100","cell_typeET:timepoint",25747,141,0.0758063899805272,-0.164420962298816,0.31603374225987,0.537334431387371,"lmer",1
"straightness_win1","cell_type",173,173,NA,NA,NA,NA,"lm-ERROR",NA
"straightness_win5","cell_typeET",40773,171,0.0633877267811606,-0.00341695226150773,0.130192405823829,0.0648857235281507,"lmer",1
"straightness_win5","cell_typeET:timepoint",40773,171,-0.0316711066531748,-0.0938160339903692,0.0304738206840195,0.319709971296151,"lmer",1
"straightness_win10","cell_typeET",39920,170,0.037320987012092,-0.0634427487536134,0.138084722777797,0.469147863229961,"lmer",1
"straightness_win10","cell_typeET:timepoint",39920,170,-0.0437772405158837,-0.137795883039273,0.0502414020075054,0.36325328552817,"lmer",1
"straightness_win15","cell_typeET",39070,170,-0.00445091401802047,-0.136707211810955,0.127805383774914,0.947519954238517,"lmer",1
"straightness_win15","cell_typeET:timepoint",39070,170,-0.0604362776540169,-0.182393130163661,0.061520574855627,0.333366128429352,"lmer",1
"straightness_win20","cell_typeET",38222,169,-0.00529449921404953,-0.173651324926515,0.163062326498416,0.950961605515348,"lmer",1
"straightness_win20","cell_typeET:timepoint",38222,169,-0.112133046448946,-0.262238321078865,0.0379722281809727,0.145783662612327,"lmer",1
"straightness_win25","cell_typeET",37381,167,-0.010594985913869,-0.205638341048982,0.184448369221244,0.915403571293462,"lmer",1
"straightness_win25","cell_typeET:timepoint",37381,167,-0.145835433808889,-0.318580288850533,0.0269094212327552,0.100563635881694,"lmer",1
"straightness_win30","cell_typeET",36549,166,-0.0461218649358719,-0.25833210605936,0.166088376187617,0.670948923697651,"lmer",1
"straightness_win30","cell_typeET:timepoint",36549,166,-0.128838457799998,-0.316874861380051,0.0591979457800563,0.181732970531871,"lmer",1
"straightness_win35","cell_typeET",35726,164,-0.0931589177720658,-0.320678944693312,0.13436110914918,0.423949753630776,"lmer",1
"straightness_win35","cell_typeET:timepoint",35726,164,-0.0909018716251806,-0.292116168823211,0.110312425572849,0.377577280033106,"lmer",1
"straightness_win40","cell_typeET",34910,163,-0.147878253132836,-0.383769555998633,0.0880130497329613,0.221642729943186,"lmer",1
"straightness_win40","cell_typeET:timepoint",34910,163,-0.045967624527628,-0.257233652555014,0.165298403499758,0.670470535306736,"lmer",1
"straightness_win45","cell_typeET",34097,162,-0.207736710633209,-0.446551577358185,0.0310781560917678,0.0907691040377313,"lmer",1
"straightness_win45","cell_typeET:timepoint",34097,162,-0.0239249624609074,-0.242406505068528,0.194556580146714,0.830380010312719,"lmer",1
"straightness_win50","cell_typeET",33300,158,-0.243507990426267,-0.483058016101181,-0.00395796475135321,0.0485548479849435,"lmer",1
"straightness_win50","cell_typeET:timepoint",33300,158,-0.00308693379294879,-0.227506772353493,0.221332904767595,0.978531359622724,"lmer",1
"straightness_win60","cell_typeET",31735,155,-0.324469050525158,-0.573298423870262,-0.0756396771800541,0.0117756776317519,"lmer",1
"straightness_win60","cell_typeET:timepoint",31735,155,0.0158479698096836,-0.217864989446459,0.249560929065826,0.894455403424667,"lmer",1
"straightness_win70","cell_typeET",30192,153,-0.421085467665598,-0.678830826504906,-0.16334010882629,0.00171358284779588,"lmer",0.493511860165213
"straightness_win70","cell_typeET:timepoint",30192,153,0.0469256162346526,-0.189106561477709,0.282957793947015,0.69735513526331,"lmer",1
"straightness_win80","cell_typeET",28665,152,-0.520448866404375,-0.788358146247925,-0.252539586560825,0.000214590178303281,"lmer",0.0708147588400827
"straightness_win80","cell_typeET:timepoint",28665,152,0.066135376518776,-0.174085562234251,0.306356315271803,0.590305010595661,"lmer",1
"straightness_win90","cell_typeET",27187,144,-0.617862829535828,-0.894406884821782,-0.341318774249875,2.44624378454846e-05,"lmer",0.00941803857051157
"straightness_win90","cell_typeET:timepoint",27187,144,0.083375973989365,-0.162280986496879,0.329032934475609,0.507054946153053,"lmer",1
"straightness_win100","cell_typeET",25747,141,-0.670628691648868,-0.956850587181736,-0.384406796116,1.04438734215994e-05,"lmer",0.00416710549521816
"straightness_win100","cell_typeET:timepoint",25747,141,0.113571696702892,-0.13392435748486,0.361067750890644,0.370106498585743,"lmer",1
"asphericity_win1","cell_type",173,173,NA,NA,NA,NA,"lm-ERROR",NA
"asphericity_win5","cell_typeET",40773,171,0.0649265564313482,0.014560582629011,0.115292530233685,0.0125743046565276,"lmer",1
"asphericity_win5","cell_typeET:timepoint",40773,171,-0.0281344378891846,-0.0759378421533287,0.0196689663749595,0.250707612150463,"lmer",1
"asphericity_win10","cell_typeET",39920,170,0.00718692096805238,-0.0605364536218398,0.0749102955579446,0.835525414120129,"lmer",1
"asphericity_win10","cell_typeET:timepoint",39920,170,-0.0588150546729437,-0.114644650026641,-0.00298545931924592,0.0411459123342944,"lmer",1
"asphericity_win15","cell_typeET",39070,170,-0.0977292396240245,-0.183683737776975,-0.0117747414710739,0.0274861323764719,"lmer",1
"asphericity_win15","cell_typeET:timepoint",39070,170,-0.0518637031967221,-0.122483905238478,0.0187564988450341,0.152808902890388,"lmer",1
"asphericity_win20","cell_typeET",38222,169,-0.202720888638804,-0.311511933000554,-0.0939298442770544,0.000375334475504835,"lmer",0.116729021882004
"asphericity_win20","cell_typeET:timepoint",38222,169,-0.0550958718009463,-0.147659557178674,0.0374678135767812,0.24564251769534,"lmer",1
"asphericity_win25","cell_typeET",37381,167,-0.262935061425086,-0.405758906431969,-0.120111216418204,0.000449977235941795,"lmer",0.138143011434131
"asphericity_win25","cell_typeET:timepoint",37381,167,-0.0756412987314324,-0.197370902777944,0.0460883053150792,0.225641569192929,"lmer",1
"asphericity_win30","cell_typeET",36549,166,-0.289193166721079,-0.45765176449297,-0.120734568949188,0.00103155660661561,"lmer",0.307403868771452
"asphericity_win30","cell_typeET:timepoint",36549,166,-0.0809114187050424,-0.227233871995666,0.0654110345855808,0.280593563240046,"lmer",1
"asphericity_win35","cell_typeET",35726,164,-0.318303045248665,-0.498996796945657,-0.137609293551673,0.000774444375787712,"lmer",0.233107757112101
"asphericity_win35","cell_typeET:timepoint",35726,164,-0.0648797166357148,-0.227104081733273,0.0973446484618438,0.434607036671127,"lmer",1
"asphericity_win40","cell_typeET",34910,163,-0.347774753831815,-0.537645284026432,-0.157904223637198,0.000489483926782514,"lmer",0.148803113741884
"asphericity_win40","cell_typeET:timepoint",34910,163,-0.0440898400196324,-0.221571444818872,0.133391764779607,0.627170853679939,"lmer",1
"asphericity_win45","cell_typeET",34097,162,-0.389368635883391,-0.586152693998601,-0.192584577768181,0.000178976826870706,"lmer",0.0603151906554279
"asphericity_win45","cell_typeET:timepoint",34097,162,-0.0294643299215181,-0.220028393896871,0.161099734053835,0.76234008066268,"lmer",1
"asphericity_win50","cell_typeET",33300,158,-0.43710656839105,-0.640964189737735,-0.233248947044366,5.58457239899445e-05,"lmer",0.0204953807043096
"asphericity_win50","cell_typeET:timepoint",33300,158,-0.0210938876605376,-0.222744389454224,0.180556614133149,0.837872821513104,"lmer",1
"asphericity_win60","cell_typeET",31735,155,-0.499778969603538,-0.714540306277953,-0.285017632929124,1.37812262290559e-05,"lmer",0.00542980313424802
"asphericity_win60","cell_typeET:timepoint",31735,155,0.0396499679907997,-0.17847236503423,0.257772301015829,0.722195188139994,"lmer",1
"asphericity_win70","cell_typeET",30192,153,-0.55591776954876,-0.823856112963825,-0.287979426133696,9.93072523151997e-05,"lmer",0.0347575383103199
"asphericity_win70","cell_typeET:timepoint",30192,153,0.135305826793796,-0.118224733102007,0.388836386689598,0.297543188402485,"lmer",1
"asphericity_win80","cell_typeET",28665,152,-0.616352362635223,-0.92889505882008,-0.303809666450366,0.000201857955223699,"lmer",0.0677473694210608
"asphericity_win80","cell_typeET:timepoint",28665,152,0.234999944163939,-0.0393786500249604,0.509378538352838,0.0956292317174145,"lmer",1
"asphericity_win90","cell_typeET",27187,144,-0.662365483062293,-0.986031299810573,-0.338699666314013,0.000119572758028408,"lmer",0.0408935004353058
"asphericity_win90","cell_typeET:timepoint",27187,144,0.242372149826592,-0.0547428043243045,0.539487103977489,0.112373821299682,"lmer",1
"asphericity_win100","cell_typeET",25747,141,-0.667322619384025,-0.991170937233978,-0.343474301534072,0.000108954065813485,"lmer",0.0378070608372793
"asphericity_win100","cell_typeET:timepoint",25747,141,0.275755287731618,-0.0389003508571184,0.590410926320355,0.0884602725593288,"lmer",1
"overallAngle_win1","cell_type",173,173,NA,NA,NA,NA,"lm-ERROR",NA
"overallAngle_win5","cell_type",40759,171,NA,NA,NA,NA,"lmer-WARN",NA
"overallAngle_win10","cell_typeET",39906,170,0.082636465299099,0.0430689510443587,0.122203979553839,7.20703727365687e-05,"lmer",0.0258732638124282
"overallAngle_win10","cell_typeET:timepoint",39906,170,0.0113367189536895,-0.0258226822868851,0.0484961201942641,0.550866172452142,"lmer",1
"overallAngle_win15","cell_typeET",39056,170,0.0419122721234472,-0.000113986211274321,0.0839385304581688,0.0527165296531786,"lmer",1
"overallAngle_win15","cell_typeET:timepoint",39056,170,0.0648602689992161,0.0252775691378364,0.104442968860596,0.00166443454724121,"lmer",0.48102158415271
"overallAngle_win20","cell_typeET",38209,169,0.0942724492903843,0.0581609355088167,0.130383963071952,1.1115310006221e-06,"lmer",0.000477958330267503
"overallAngle_win20","cell_typeET:timepoint",38209,169,0.0060399258531966,-0.0318993444996094,0.0439791962060026,0.75552740999113,"lmer",1
"overallAngle_win25","cell_typeET",37368,167,0.0723288074343957,0.0341820978824968,0.110475516986295,0.000291655596548209,"lmer",0.0927464797023305
"overallAngle_win25","cell_typeET:timepoint",37368,167,0.0149794756573024,-0.0197087162224609,0.0496676675370656,0.399309043222753,"lmer",1
"overallAngle_win30","cell_typeET",36536,166,0.0789023623431446,0.0393712701381104,0.118433454548179,0.000153049877250268,"lmer",0.0517308585105906
"overallAngle_win30","cell_typeET:timepoint",36536,166,0.0157560487725367,-0.0247140964773416,0.056226194022415,0.446776503018374,"lmer",1
"overallAngle_win35","cell_typeET",35713,164,0.0383630167635461,-0.00370925690873308,0.0804352904358253,0.0764273722202404,"lmer",1
"overallAngle_win35","cell_typeET:timepoint",35713,164,0.0441667731484339,0.00332199217965111,0.0850115541172167,0.0361408552478321,"lmer",1
"overallAngle_win40","cell_typeET",34897,163,0.0615654716073906,0.0188208998143291,0.104310043400452,0.00558267243999962,"lmer",1
"overallAngle_win40","cell_typeET:timepoint",34897,163,0.000576191124645785,-0.0327503404521197,0.0339027227014112,0.973036937989623,"lmer",1
"overallAngle_win45","cell_typeET",34084,162,0.0787183291511371,0.0381918885399399,0.119244769762334,0.000217092083878853,"lmer",0.0714232955961426
"overallAngle_win45","cell_typeET:timepoint",34084,162,-0.0135937334491028,-0.0543650229250695,0.0271775560268639,0.514704436167318,"lmer",1
"overallAngle_win50","cell_typeET",33287,158,0.0444391316034983,0.0061990951158452,0.0826791680911515,0.0245462150691192,"lmer",1
"overallAngle_win50","cell_typeET:timepoint",33287,158,0.00215481947425005,-0.0421983690165309,0.046508007965031,0.924292000243203,"lmer",1
"overallAngle_win60","cell_typeET",31722,155,0.053591930758767,0.0126011767666623,0.0945826847508716,0.0116729415946713,"lmer",1
"overallAngle_win60","cell_typeET:timepoint",31722,155,-0.0383887432660378,-0.0869592504970494,0.0101817639649737,0.123981886476639,"lmer",1
"overallAngle_win70","cell_typeET",30179,153,0.0470400998623116,0.00409493056694819,0.0899852691576749,0.0341696153491088,"lmer",1
"overallAngle_win70","cell_typeET:timepoint",30179,153,-0.0360613311387179,-0.0849408260188707,0.0128181637414349,0.15107083051285,"lmer",1
"overallAngle_win80","cell_typeET",28652,152,-0.0133248437698214,-0.059568364178093,0.0329186766384502,0.573397801132675,"lmer",1
"overallAngle_win80","cell_typeET:timepoint",28652,152,-0.0453346873696557,-0.0965491011048272,0.00587972636551588,0.0855752585689075,"lmer",1
"overallAngle_win90","cell_typeET",27174,144,-0.0157663703012208,-0.0597239361805843,0.0281911955781427,0.483524684214729,"lmer",1
"overallAngle_win90","cell_typeET:timepoint",27174,144,-0.0528705640725364,-0.102395784732284,-0.00334534341278905,0.0386472513441307,"lmer",1
"overallAngle_win100","cell_typeET",25736,141,-0.0554020215049381,-0.0964719903492049,-0.0143320526606712,0.00938354819366421,"lmer",1
"overallAngle_win100","cell_typeET:timepoint",25736,141,-0.0650855076335932,-0.120679200204099,-0.00949181506308774,0.0235033670025549,"lmer",1
"meanTurningAngle_win1","cell_type",0,0,NA,NA,NA,NA,"lm-ERROR",NA
"meanTurningAngle_win5","cell_typeET",40773,171,-0.109827660588382,-0.186835242876721,-0.0328200783000424,0.0059219953574954,"lmer",1
"meanTurningAngle_win5","cell_typeET:timepoint",40773,171,0.0665559697232503,0.00107023050196767,0.132041708944533,0.0486163151923938,"lmer",1
"meanTurningAngle_win10","cell_typeET",39920,170,-0.18448732705311,-0.328022962785125,-0.0409516913210941,0.0135449854913619,"lmer",1
"meanTurningAngle_win10","cell_typeET:timepoint",39920,170,0.145010102807363,0.0248974082095381,0.265122797405188,0.0200578553838848,"lmer",1
"meanTurningAngle_win15","cell_typeET",39070,170,-0.321220221122176,-0.594831578139438,-0.0476088641049144,0.0241262860691646,"lmer",1
"meanTurningAngle_win15","cell_typeET:timepoint",39070,170,0.262965767190794,0.044825707242349,0.481105827139238,0.0205303983734912,"lmer",1
"meanTurningAngle_win20","cell_typeET",38222,169,-0.45244430740178,-0.828423109915839,-0.0764655048877213,0.0204242417011498,"lmer",1
"meanTurningAngle_win20","cell_typeET:timepoint",38222,169,0.354207865654319,0.0645976393321531,0.643818091976486,0.0184337159502986,"lmer",1
"meanTurningAngle_win25","cell_typeET",37381,167,-0.53580778162362,-0.991016413115696,-0.0805991501315443,0.0231045328915482,"lmer",1
"meanTurningAngle_win25","cell_typeET:timepoint",37381,167,0.428871246527835,0.0866801708010588,0.771062322254612,0.0157036554252852,"lmer",1
"meanTurningAngle_win30","cell_typeET",36549,166,-0.566001977229518,-1.06900053957108,-0.0630034148879552,0.0297304326528532,"lmer",1
"meanTurningAngle_win30","cell_typeET:timepoint",36549,166,0.447268311620783,0.074181967257727,0.820354655983839,0.020746894700953,"lmer",1
"meanTurningAngle_win35","cell_typeET",35726,164,-0.54396634221365,-1.05271423048675,-0.0352184539405488,0.0388844452089558,"lmer",1
"meanTurningAngle_win35","cell_typeET:timepoint",35726,164,0.39675274219977,0.0249568873064569,0.768548597093084,0.0391986141789578,"lmer",1
"meanTurningAngle_win40","cell_typeET",34910,163,-0.430425680982502,-0.888812999824512,0.0279616378595078,0.0692497331077281,"lmer",1
"meanTurningAngle_win40","cell_typeET:timepoint",34910,163,0.266750646638991,-0.0657221691731236,0.599223462451106,0.119262101204814,"lmer",1
"meanTurningAngle_win45","cell_typeET",34097,162,-0.344580609786168,-0.764053262555255,0.0748920429829196,0.111105874645846,"lmer",1
"meanTurningAngle_win45","cell_typeET:timepoint",34097,162,0.187387160949483,-0.116262899403124,0.49103722130209,0.229356118427223,"lmer",1
"meanTurningAngle_win50","cell_typeET",33300,158,-0.259025769834204,-0.639904037302023,0.121852497633615,0.185868154071567,"lmer",1
"meanTurningAngle_win50","cell_typeET:timepoint",33300,158,0.126862970897975,-0.153557739371131,0.407283681167082,0.377173747589233,"lmer",1
"meanTurningAngle_win60","cell_typeET",31735,155,-0.0957205531197241,-0.431475825402891,0.240034719163443,0.577450103690646,"lmer",1
"meanTurningAngle_win60","cell_typeET:timepoint",31735,155,0.0322057484745221,-0.225987451484047,0.290398948433092,0.807245019362405,"lmer",1
"meanTurningAngle_win70","cell_typeET",30192,153,-0.0345683571481174,-0.345527781407615,0.27639106711138,0.827878488319269,"lmer",1
"meanTurningAngle_win70","cell_typeET:timepoint",30192,153,0.000945230455425559,-0.250455601311444,0.252346062222295,0.99413120546199,"lmer",1
"meanTurningAngle_win80","cell_typeET",28665,152,-0.00838611899968125,-0.306122690358123,0.28935045235876,0.956057687588329,"lmer",1
"meanTurningAngle_win80","cell_typeET:timepoint",28665,152,0.000874503608295531,-0.246019592988747,0.247768600205339,0.994471292629954,"lmer",1
"meanTurningAngle_win90","cell_typeET",27187,144,0.00745104486091574,-0.292159604732026,0.307061694453857,0.961197465144724,"lmer",1
"meanTurningAngle_win90","cell_typeET:timepoint",27187,144,0.0762756947300195,-0.1665562014445,0.319107590904539,0.539255639791597,"lmer",1
"meanTurningAngle_win100","cell_typeET",25747,141,-0.0138137449199942,-0.320655645645608,0.29302815580562,0.929824153627538,"lmer",1
"meanTurningAngle_win100","cell_typeET:timepoint",25747,141,0.10429002220736,-0.130298548127645,0.338878592542365,0.385340970682524,"lmer",1
"overallDot_win1","cell_typeET",41464,173,0.205104208407034,0.141152527717629,0.26905588909644,3.52347470280997e-09,"lmer",1.59965751507573e-06
"overallDot_win1","cell_typeET:timepoint",41464,173,0.166244207255889,0.124711192734961,0.207777221776816,1.13123832931408e-12,"lmer",5.20369631484477e-10
"overallDot_win5","cell_typeET",40773,171,0.0966314446322382,0.052934259638293,0.140328629626183,3.07668430193405e-05,"lmer",0.0117221671903687
"overallDot_win5","cell_typeET:timepoint",40773,171,0.0795696619293832,0.0451016785247948,0.114037645333972,1.68432768909359e-05,"lmer",0.00658572126435594
"overallDot_win10","cell_typeET",39920,170,0.0162823652177195,-0.0163912262594239,0.0489559566948629,0.330395795540734,"lmer",1
"overallDot_win10","cell_typeET:timepoint",39920,170,0.0749489432700293,0.0432472524633913,0.106650634076667,8.7460811364549e-06,"lmer",0.00352467069799132
"overallDot_win15","cell_typeET",39070,170,0.0530903656431147,0.0159248143620152,0.0902559169242141,0.0059207098034238,"lmer",1
"overallDot_win15","cell_typeET:timepoint",39070,170,0.0192365006420767,-0.0156582848300566,0.05413128611421,0.2821207472343,"lmer",1
"overallDot_win20","cell_typeET",38222,169,0.00980974504519143,-0.0203944383581946,0.0400139284485774,0.52556014404082,"lmer",1
"overallDot_win20","cell_typeET:timepoint",38222,169,0.0648493188506394,0.0348804140963058,0.094818223604973,4.29492984577289e-05,"lmer",0.0162777841154793
"overallDot_win25","cell_typeET",37381,167,0.0166849230340282,-0.0114562485527678,0.0448260946208242,0.24739583783272,"lmer",1
"overallDot_win25","cell_typeET:timepoint",37381,167,0.0540614883628303,0.0282491051304758,0.0798738715951848,7.89116091830293e-05,"lmer",0.0282503560875245
"overallDot_win30","cell_typeET",36549,166,0.0398047204943211,0.0087129156167494,0.0708965253718928,0.0136507403497832,"lmer",1
"overallDot_win30","cell_typeET:timepoint",36549,166,0.0452437156793116,0.0110595126104925,0.0794279187481307,0.0106576094319575,"lmer",1
"overallDot_win35","cell_typeET",35726,164,0.0328077058598957,0.00417396179407638,0.0614414499257151,0.0265847996788212,"lmer",1
"overallDot_win35","cell_typeET:timepoint",35726,164,0.0343591176206919,0.00238809689693618,0.0663301383444476,0.0374654188217718,"lmer",1
"overallDot_win40","cell_typeET",34910,163,0.0410236766698624,0.0100744030050092,0.0719729503347157,0.0107244454645493,"lmer",1
"overallDot_win40","cell_typeET:timepoint",34910,163,0.0280132023734426,-0.00361709651872386,0.059643501265609,0.0858457539385024,"lmer",1
"overallDot_win45","cell_typeET",34097,162,0.006836490211442,-0.0260922362792739,0.0397652167021579,0.684867718528728,"lmer",1
"overallDot_win45","cell_typeET:timepoint",34097,162,0.052292958165044,0.0176906451274981,0.0868952712025899,0.00370844607415021,"lmer",1
"overallDot_win50","cell_typeET",33300,158,0.0320599558931239,-0.00289282841762991,0.0670127402038778,0.0744639550441298,"lmer",1
"overallDot_win50","cell_typeET:timepoint",33300,158,0.0409714907009858,0.00246339259238675,0.0794795888095849,0.0389175521510856,"lmer",1
"overallDot_win60","cell_typeET",31735,155,0.0316194290664093,0.000685597500261724,0.0625532606325569,0.0476671193063592,"lmer",1
"overallDot_win60","cell_typeET:timepoint",31735,155,0.0281163755831374,-0.013019835724808,0.0692525868910828,0.182889560325774,"lmer",1
"overallDot_win70","cell_typeET",30192,153,0.0203876075052249,-0.0106684600430649,0.0514436750535147,0.201164892552122,"lmer",1
"overallDot_win70","cell_typeET:timepoint",30192,153,0.0656258462547029,0.0241576298180809,0.107094062691325,0.00245294136657995,"lmer",0.689276524008966
"overallDot_win80","cell_typeET",28665,152,0.0537880539880615,0.0186373247839646,0.0889387831921584,0.0034031867196515,"lmer",0.935876347904163
"overallDot_win80","cell_typeET:timepoint",28665,152,0.0531882466417301,0.0114645102531069,0.0949119830303534,0.0140064991595583,"lmer",1
"overallDot_win90","cell_typeET",27187,144,0.064831694364976,0.0263593017713845,0.103304086958568,0.00129205709538539,"lmer",0.379864786043305
"overallDot_win90","cell_typeET:timepoint",27187,144,0.0710810617434887,0.0287374652427543,0.113424658244223,0.00134031995403347,"lmer",0.391751638615243
"overallDot_win100","cell_typeET",25747,141,0.0711388124086196,0.0340145009661732,0.108263123851066,0.000288223206697253,"lmer",0.0919432029364237
"overallDot_win100","cell_typeET:timepoint",25747,141,0.108396299095697,0.0578418531076594,0.158950745083734,5.32861641429168e-05,"lmer",0.0196093084045934
"overallNormDot_win1","cell_type",173,173,NA,NA,NA,NA,"lm-ERROR",NA
"overallNormDot_win5","cell_typeET",40759,171,-0.00308306634245108,-0.0438329353377493,0.0376668026528472,0.882312241433293,"lmer",1
"overallNormDot_win5","cell_typeET:timepoint",40759,171,-0.0308036752598256,-0.0697753106866621,0.00816796016701099,0.123752881865973,"lmer",1
"overallNormDot_win10","cell_typeET",39906,170,-0.0849422217649898,-0.125008477383742,-0.0448759661462381,5.66139091049061e-05,"lmer",0.0207206907323956
"overallNormDot_win10","cell_typeET:timepoint",39906,170,-0.00806862760849318,-0.0456391958636396,0.0295019406466532,0.674479882341635,"lmer",1
"overallNormDot_win15","cell_typeET",39056,170,-0.0413809086416566,-0.0840599008309522,0.00129808354763902,0.0595201227034198,"lmer",1
"overallNormDot_win15","cell_typeET:timepoint",39056,170,-0.0665999654396925,-0.106624868494209,-0.026575062385176,0.00141894358759108,"lmer",0.412912583989004
"overallNormDot_win20","cell_typeET",38209,169,-0.0972480446800921,-0.133894023252721,-0.0606020661074633,7.63589415604273e-07,"lmer",0.000329870627541046
"overallNormDot_win20","cell_typeET:timepoint",38209,169,-0.00451810589275792,-0.0430394468075087,0.0340032350219929,0.818547977330114,"lmer",1
"overallNormDot_win25","cell_typeET",37368,167,-0.073545619769461,-0.111394548594971,-0.0356966909439513,0.000208877107007546,"lmer",0.0695560766335128
"overallNormDot_win25","cell_typeET:timepoint",37368,167,-0.0159080792566159,-0.0507900938100034,0.0189739352967716,0.373442822356879,"lmer",1
"overallNormDot_win30","cell_typeET",36536,166,-0.0749546275264712,-0.114449910701845,-0.0354593443510977,0.000304974470555904,"lmer",0.0966769071662216
"overallNormDot_win30","cell_typeET:timepoint",36536,166,-0.019048019487714,-0.0597337981042778,0.0216377591288497,0.360475964551813,"lmer",1
"overallNormDot_win35","cell_typeET",35713,164,-0.0312036429968922,-0.0736060736927718,0.0111987876989873,0.151802481314868,"lmer",1
"overallNormDot_win35","cell_typeET:timepoint",35713,164,-0.0511153240607402,-0.0921185667399128,-0.0101120813815676,0.0160347339083387,"lmer",1
"overallNormDot_win40","cell_typeET",34897,163,-0.0600232482921767,-0.102802931349066,-0.0172435652352871,0.00688521262262489,"lmer",1
"overallNormDot_win40","cell_typeET:timepoint",34897,163,-0.000523104914474663,-0.0333938589878643,0.0323476491589149,0.975181318293703,"lmer",1
"overallNormDot_win45","cell_typeET",34084,162,-0.0761088074183432,-0.116673531076602,-0.0355440837600841,0.00034658759365498,"lmer",0.108828504407664
"overallNormDot_win45","cell_typeET:timepoint",34084,162,0.014213287872625,-0.0266586043867975,0.0550851801320475,0.496811068107057,"lmer",1
"overallNormDot_win50","cell_typeET",33287,158,-0.0466296970982276,-0.0852008380029382,-0.00805855619351691,0.0194337980966122,"lmer",1
"overallNormDot_win50","cell_typeET:timepoint",33287,158,0.00239838720297685,-0.0420190622481684,0.0468158366541221,0.915886213346846,"lmer",1
"overallNormDot_win60","cell_typeET",31722,155,-0.0547545465305051,-0.0966235088168075,-0.0128855842442027,0.0116455237606459,"lmer",1
"overallNormDot_win60","cell_typeET:timepoint",31722,155,0.0397977589141197,-0.00961230002958662,0.0892078178578259,0.11702237610639,"lmer",1
"overallNormDot_win70","cell_typeET",30179,153,-0.0514807064607456,-0.0933490684557345,-0.00961234446575675,0.0177301889286851,"lmer",1
"overallNormDot_win70","cell_typeET:timepoint",30179,153,0.0379587341370758,-0.0110145319051317,0.0869320001792833,0.131583796025649,"lmer",1
"overallNormDot_win80","cell_typeET",28652,152,0.0129979042870988,-0.0331244890822946,0.0591202976564923,0.581854082115391,"lmer",1
"overallNormDot_win80","cell_typeET:timepoint",28652,152,0.0485477166310933,-0.00227635153247934,0.099371784794666,0.0638669175550071,"lmer",1
"overallNormDot_win90","cell_typeET",27174,144,0.0148103291872819,-0.0295780146928993,0.0591986730674631,0.514483217878405,"lmer",1
"overallNormDot_win90","cell_typeET:timepoint",27174,144,0.0600862243851958,0.010366563638759,0.109805885131633,0.0195523036601982,"lmer",1
"overallNormDot_win100","cell_typeET",25736,141,0.055058417324971,0.0139026620542249,0.0962141725957171,0.00997345607002579,"lmer",1
"overallNormDot_win100","cell_typeET:timepoint",25736,141,0.0701741670653144,0.014373090502548,0.125975243628081,0.0151202476484532,"lmer",1
"fractalDimension_win1","cell_typeET",41464,173,0.0944550644583761,-0.169604462814564,0.358514591731316,0.484321679259913,"lmer",1
"fractalDimension_win1","cell_typeET:timepoint",41464,173,-0.0535211352673258,-0.284211166175069,0.177168895640418,0.649981014808682,"lmer",1
"fractalDimension_win5","cell_typeET",40773,171,0.0676883681185157,-0.0672191640826584,0.20259590031969,0.327278551954807,"lmer",1
"fractalDimension_win5","cell_typeET:timepoint",40773,171,-0.200765311839467,-0.327895293875046,-0.0736353298038868,0.00240954071090202,"lmer",0.67949048047437
"fractalDimension_win10","cell_typeET",39920,170,0.0878758334953932,-0.0353068473732313,0.211058514364018,0.16443164192702,"lmer",1
"fractalDimension_win10","cell_typeET:timepoint",39920,170,-0.213563101190649,-0.32788429232818,-0.0992419100531182,0.000361840625068192,"lmer",0.112894275021276
"fractalDimension_win15","cell_typeET",39070,170,0.0162416765951639,-0.13821848748511,0.170701840675438,0.837022611873444,"lmer",1
"fractalDimension_win15","cell_typeET:timepoint",39070,170,-0.245837881793335,-0.376183545163387,-0.115492218423283,0.000319672899112077,"lmer",0.101016636119416
"fractalDimension_win20","cell_typeET",38222,169,0.139885551681516,0.0491426967158641,0.230628406647168,0.00307559108867985,"lmer",0.855014322652998
"fractalDimension_win20","cell_typeET:timepoint",38222,169,-0.0932413895669966,-0.218550625932077,0.0320678467980838,0.147252520337548,"lmer",1
"fractalDimension_win25","cell_typeET",37381,167,0.0126077873371163,-0.146819985563368,0.1720355602376,0.877047625583883,"lmer",1
"fractalDimension_win25","cell_typeET:timepoint",37381,167,-0.187518050887274,-0.313392173124906,-0.0616439286496417,0.00414985963700367,"lmer",1
"fractalDimension_win30","cell_typeET",36549,166,0.0227474170794555,-0.145341174866941,0.190836009025852,0.791217134751847,"lmer",1
"fractalDimension_win30","cell_typeET:timepoint",36549,166,-0.214080032487561,-0.346091623252722,-0.0820684417224002,0.0018781767669122,"lmer",0.537158555336889
"fractalDimension_win35","cell_typeET",35726,164,0.0870982925164864,-0.040406305653571,0.214602890686544,0.183119657671152,"lmer",1
"fractalDimension_win35","cell_typeET:timepoint",35726,164,-0.084331143538075,-0.258687296087718,0.090025009011568,0.344931856463587,"lmer",1
"fractalDimension_win40","cell_typeET",34910,163,0.127893947126189,0.0121560941237794,0.243631800128598,0.0326647528795536,"lmer",1
"fractalDimension_win40","cell_typeET:timepoint",34910,163,-0.137871403865083,-0.308567122694057,0.0328243149638904,0.115847347986528,"lmer",1
"fractalDimension_win45","cell_typeET",34097,162,0.0684371253630821,-0.0709084051001789,0.207782655826343,0.337608449887712,"lmer",1
"fractalDimension_win45","cell_typeET:timepoint",34097,162,-0.186869405780992,-0.3212241447547,-0.0525146668072837,0.00730718441143943,"lmer",1
"fractalDimension_win50","cell_typeET",33300,158,0.0653588856636044,-0.13227173293382,0.262989504261029,0.517944391817883,"lmer",1
"fractalDimension_win50","cell_typeET:timepoint",33300,158,-0.269370163037197,-0.426510835290227,-0.112229490784167,0.00105063259788906,"lmer",0.312037881573051
"fractalDimension_win60","cell_typeET",31735,155,0.0334992088051205,-0.156909137976992,0.223907555587233,0.730771839047297,"lmer",1
"fractalDimension_win60","cell_typeET:timepoint",31735,155,-0.328608998944593,-0.48743775644714,-0.169780241442045,9.14472550874154e-05,"lmer",0.0323723283009451
"fractalDimension_win70","cell_typeET",30192,153,0.345347467818325,0.201317501622281,0.489377434014368,7.78275643545867e-06,"lmer",0.00317536462566714
"fractalDimension_win70","cell_typeET:timepoint",30192,153,-0.0788239815668713,-0.261404336276095,0.103756373142352,0.399062103893191,"lmer",1
"fractalDimension_win80","cell_typeET",28665,152,0.268950562457152,0.144964518320291,0.392936606594013,4.54860773958803e-05,"lmer",0.0171482511782469
"fractalDimension_win80","cell_typeET:timepoint",28665,152,-0.0156492152047295,-0.182335191099921,0.151036760690462,0.854263739839761,"lmer",1
"fractalDimension_win90","cell_typeET",27187,144,0.248077153144003,0.0406556435130399,0.455498662774967,0.0211442050536326,"lmer",1
"fractalDimension_win90","cell_typeET:timepoint",27187,144,-0.0701635225257656,-0.277132343084228,0.136805298032697,0.507813959962115,"lmer",1
"fractalDimension_win100","cell_typeET",25747,141,0.500002287419543,0.176033056694011,0.823971518145075,0.00329181361075144,"lmer",0.911832370178149
"fractalDimension_win100","cell_typeET:timepoint",25747,141,-0.196812664477698,-0.425474755211121,0.0318494262557253,0.095348430898919,"lmer",1
"DistBorderMean_win1","cell_typeET",41464,173,0.0228942310930742,-0.383762722060873,0.429551184247021,0.912277182266129,"lmer",1
"DistBorderMean_win1","cell_typeET:timepoint",41464,173,-0.988982149946702,-1.33313337176614,-0.644830928127266,7.85604156714467e-08,"lmer",3.48022641424509e-05
"DistBorderMean_win5","cell_typeET",40773,171,0.00415043622784596,-0.414208983744838,0.42250985620053,0.984511383275463,"lmer",1
"DistBorderMean_win5","cell_typeET:timepoint",40773,171,-0.98181936685266,-1.33235847615136,-0.631280257553958,1.56176220668794e-07,"lmer",6.87175370942694e-05
"DistBorderMean_win10","cell_typeET",39920,170,0.000876346264716829,-0.431865163905146,0.43361785643458,0.996838211732746,"lmer",1
"DistBorderMean_win10","cell_typeET:timepoint",39920,170,-0.97152607352438,-1.32719180613191,-0.615860340916849,2.98390783771999e-07,"lmer",0.000130993554075908
"DistBorderMean_win15","cell_typeET",39070,170,-0.00395742365735745,-0.445613409193267,0.437698561878552,0.986010964889023,"lmer",1
"DistBorderMean_win15","cell_typeET:timepoint",39070,170,-0.960648586213371,-1.31898794591391,-0.602309226512835,4.76713569018747e-07,"lmer",0.000206416975385117
"DistBorderMean_win20","cell_typeET",38222,169,-0.0101856496184212,-0.459855716815666,0.439484417578824,0.964647140261193,"lmer",1
"DistBorderMean_win20","cell_typeET:timepoint",38222,169,-0.950895910124909,-1.31267310566316,-0.589118714586659,7.77261754735385e-07,"lmer",0.000334999816290951
"DistBorderMean_win25","cell_typeET",37381,167,-0.00716567376481544,-0.466085318202569,0.451753970672938,0.97562710599406,"lmer",1
"DistBorderMean_win25","cell_typeET:timepoint",37381,167,-0.936904591630212,-1.30186615390039,-0.571943029360033,1.3700763894927e-06,"lmer",0.000587762771092368
"DistBorderMean_win30","cell_typeET",36549,166,-0.00831244898551764,-0.473063235099602,0.456438337128566,0.972083683425227,"lmer",1
"DistBorderMean_win30","cell_typeET:timepoint",36549,166,-0.935015138931689,-1.30096694592423,-0.569063331939152,1.55876490429479e-06,"lmer",0.000660916319420991
"DistBorderMean_win35","cell_typeET",35726,164,-0.0273552901351592,-0.494638706945886,0.439928126675567,0.908815570276789,"lmer",1
"DistBorderMean_win35","cell_typeET:timepoint",35726,164,-0.919383468586842,-1.28330108328721,-0.555465853886469,2.050922075862e-06,"lmer",0.00086138727186204
"DistBorderMean_win40","cell_typeET",34910,163,-0.048401824883514,-0.515981849981907,0.419178200214879,0.839522906200854,"lmer",1
"DistBorderMean_win40","cell_typeET:timepoint",34910,163,-0.902779556684711,-1.26338906381328,-0.542170049556138,2.55846675332753e-06,"lmer",0.00106688063613758
"DistBorderMean_win45","cell_typeET",34097,162,-0.0610677850595019,-0.527136003185792,0.405000433066788,0.797721500332,"lmer",1
"DistBorderMean_win45","cell_typeET:timepoint",34097,162,-0.876485212676001,-1.23220093627932,-0.52076948907268,3.67960088429303e-06,"lmer",0.00151967516521302
"DistBorderMean_win50","cell_typeET",33300,158,-0.102160714188251,-0.564493798257023,0.360172369880521,0.665678493691935,"lmer",1
"DistBorderMean_win50","cell_typeET:timepoint",33300,158,-0.862978406866891,-1.21164107515204,-0.514315738581746,3.49191153507157e-06,"lmer",0.00144565137551963
"DistBorderMean_win60","cell_typeET",31735,155,-0.177146436310905,-0.617954813158088,0.263661940536277,0.432410312942833,"lmer",1
"DistBorderMean_win60","cell_typeET:timepoint",31735,155,-0.78375490846842,-1.10416555945379,-0.46334425748305,4.52323060962531e-06,"lmer",0.00186357101116563
"DistBorderMean_win70","cell_typeET",30192,153,-0.300724343526712,-0.717017255666802,0.115568568613377,0.159402305634735,"lmer",1
"DistBorderMean_win70","cell_typeET:timepoint",30192,153,-0.689939605364374,-0.981268879402191,-0.398610331326557,8.71545018357209e-06,"lmer",0.00352104187416312
"DistBorderMean_win80","cell_typeET",28665,152,-0.461080554267177,-0.842360085835311,-0.0798010226990424,0.0194223540878351,"lmer",1
"DistBorderMean_win80","cell_typeET:timepoint",28665,152,-0.59141281011213,-0.848946398975466,-0.333879221248794,1.54652790375725e-05,"lmer",0.00606238938272842
"DistBorderMean_win90","cell_typeET",27187,144,-0.622330835524632,-0.972390588378344,-0.272271082670919,0.000705180665413808,"lmer",0.21296456095497
"DistBorderMean_win90","cell_typeET:timepoint",27187,144,-0.505451647918749,-0.73956581139191,-0.271337484445587,4.4882555543105e-05,"lmer",0.0169656059952937
"DistBorderMean_win100","cell_typeET",25747,141,-0.746891782333104,-1.06730727876074,-0.426476285905466,1.2082707776538e-05,"lmer",0.00477266957173251
"DistBorderMean_win100","cell_typeET:timepoint",25747,141,-0.415547804051604,-0.633247712402281,-0.197847895700926,0.000274601863150877,"lmer",0.0889593421653701
